{"train_loss": 0.40736836194992065, "train_accuracy": 0.9713104963302612, "_timestamp": 1715110534.1187844, "_runtime": 2520.684998512268, "_step": 153, "val_loss": 0.42721936106681824, "val_accuracy": 0.9710720181465149}