{"train_loss": 1.15402090549469, "train_accuracy": 0.9878723621368408, "_timestamp": 1713069934.1682692, "_runtime": 1313.419275045395, "_step": 57, "val_loss": 1.5522607564926147, "val_accuracy": 0.8605442047119141}