{"train_loss": 2.3659873008728027, "train_accuracy": 0.9763829708099365, "_timestamp": 1713066245.9130578, "_runtime": 656.5832877159119, "_step": 29, "val_loss": 9.719584465026855, "val_accuracy": 0.04931972920894623}