{"train_loss": 0.4425387978553772, "train_accuracy": 0.9495744705200195, "_timestamp": 1713012459.1851912, "_runtime": 3349.9205441474915, "_step": 171, "val_loss": 0.4184902608394623, "val_accuracy": 0.9523809552192688, "_wandb": {"runtime": 3347}}