{"train_loss": 0.48818373680114746, "train_accuracy": 0.9863829612731934, "_timestamp": 1713015425.386789, "_runtime": 2444.4114701747894, "_step": 131, "val_loss": 0.5102307796478271, "val_accuracy": 0.9795918464660645}