{"train_loss": 0.3739582896232605, "train_accuracy": 0.9789361953735352, "_timestamp": 1713074000.7888994, "_runtime": 3228.7909865379333, "_step": 145, "val_loss": 0.39072883129119873, "val_accuracy": 0.9668367505073547}