{"train_loss": 0.3679940402507782, "train_accuracy": 0.9722830057144165, "_timestamp": 1713083183.31342, "_runtime": 3458.5345270633698, "_step": 173, "val_loss": 0.3832832872867584, "val_accuracy": 0.9631310105323792}